Transaction Date,Receipt Mode,Cheque No.,branch,Reference/UTR,Drawn Bank name,Deposited In,Date,Member Name,Wing,Unit #,Amount,Narration 
12-05-2015,Cheque,55434,Hiran Magri,445566H,SBBJ,SBBJ,25-05-2015,Abhilash,Wing A,101,5000,Receipt for bill
13-05-2015,Cheque,55434,Hiran Magri,445566H,SBBJ,SBBJ,26-05-2015,Abhilash,Wing A,101,5000,Receipt for bill
14-05-2015,Cheque,55434,Hiran Magri,445566H,SBBJ,SBBJ,27-05-2015,Abhilash,Wing A,101,5000,Receipt for bill
15-05-2015,Cheque,55434,Hiran Magri,445566H,SBBJ,SBBJ,28-05-2015,Abhilash,Wing A,101,5000,Receipt for bill
16-05-2015,Cheque,55434,Hiran Magri,445566H,SBBJ,SBBJ,29-05-2015,Abhilash,Wing A,101,5000,Receipt for bill
17-05-2015,Cheque,55434,Hiran Magri,445566H,SBBJ,SBBJ,30-05-2015,Abhilash,Wing A,101,5000,Receipt for bill
18-05-2015,Cheque,55434,Hiran Magri,445566H,SBBJ,SBBJ,31-05-2015,Abhilash,Wing A,101,5000,Receipt for bill
19-05-2015,Cheque,55434,Hiran Magri,445566H,SBBJ,SBBJ,01-06-2015,Abhilash,Wing A,101,5000,Receipt for bill
20-05-2015,Cheque,55434,Hiran Magri,445566H,SBBJ,SBBJ,02-06-2015,Abhilash,Wing A,101,5000,Receipt for bill
21-05-2015,Cheque,55434,Hiran Magri,445566H,SBBJ,SBBJ,03-06-2015,Abhilash,Wing A,101,5000,Receipt for bill
22-05-2015,Cheque,55434,Hiran Magri,445566H,SBBJ,SBBJ,04-06-2015,Abhilash,Wing A,101,5000,Receipt for bill
