Wing,Flat Number
Flat,1601
Shop,1
Shop,3
Shop,4
Shop,5
Shop,6
Shop,7
Shop,8
Shop,9
Shop,10
Shop,11
Shop,12
Shop,13
Shop,2
Shop,14
Shop,15
Shop,16
Shop,17
Flat,202
Flat,203
Flat,302
Flat,303
Flat,401
Flat,402
Flat,403
Flat,503
Flat,703
Flat,802
Flat,901
Flat,1001
Flat,1003
Flat,1101
Flat,1203
Flat,1401
Flat,1403
Flat,1503
Flat,1601
Flat,1602
Flat,1603
Flat,1703
Flat,1503
Shop,2
Flat,1102
Flat,201
Flat,301
Flat,501
Flat,502
Flat,601
Flat,602
Flat,603
Flat,701
Flat,702
Flat,801
Flat,803
Flat,902
Flat,903
Flat,1002
Flat,1103
Flat,1201
Flat,1202
Flat,1301
Flat,1302
Flat,1303
Flat,1402
Flat,1501
Flat,1502
Flat,1701
Flat,1702
Flat,1602
Flat,1603
